{"/LXNxHyefuUajKQCIrN2Iw==":"mbr-1920x1440.png","krQhURdpyHRwvSiCTAYepw==":"mbr-1256x838.jpg","bPea1FME58YDxZkUmaJRcw==":"mbr-596x397.jpg","wyZaTgR8X9VGejiCPXwvXw==":"mbr-1-596x397.jpg","Vc1xUkFyLcAR9N+01/9SPw==":"mbr-596x398.jpg","uFw90vyzVZ5gYQmyUIRbrQ==":"mbr-2-596x397.jpg","BbnwYTQ/mwRikIuzWrx5wQ==":"mbr-3-596x397.jpg","yj65sRuI116jFLEwblFzpQ==":"mbr-4-596x397.jpg","5oPK1SFHulevFYkrYKzJZA==":"mbr-596x447.jpg","avvqA70996b1K9wVBqlPyw==":"mbr-596x401.jpg","KonTLiEUyrslutBRFAYAsQ==":"mbr-596x401.jpeg","pOu5RVJOYUVtoRmCFCuY7Q==":"mbr-1920x1280.jpg","yhM3E1ZFr8dF18pJX8fqCw==":"mbr-1256x837.jpg","w83uDO7df7KKhPdDldUGYg==":"mbr-1-1920x1280.jpg","7+IaZveUPgj7KRGNlBTXbw==":"mbr-816x544.jpg","tCpP3Zby51T46L6MmgZSgA==":"mbr-1-816x544.jpg","lwgOQaWOCTYj+S01nb8m8g==":"mbr-816x524.jpg","8cRf2rMsVHRj++7zzvhg6w==":"mbr-198x198.jpg","hvxIYJbHmr3+Fqg1rCxUZQ==":"mbr-1256x829.jpg","lk53vwBmcbLyAElnjUWNNA==":"img_2575%202-1920x1018.png","8W3Z5pHKh59++a0EH0GQ9A==":"1%201-524x555.png","dbff6/GP6froUGytm2l25g==":"2%201-524x395.png","Kns1xONix9bLw4LzL9Gueg==":"3%201-523x559.png","ONE+iiYi9siESgAzqQWYGw==":"lona-pead%201-420x475.png","MeAlR+spI1dzrs8/n+Pn3w==":"lona-de-pvc%201-322x486.png","tUIkf3fMTeEAD3n+2iwcBg==":"lona-de-pvc%201-322x486.png","911X7bM4yT2Mobv6BsMc+g==":"background8.jpg","n1dx+NZv3qks526xC0hZ5Q==":"background13.jpg","j4LebnbTJnzxA2xa1S+QBQ==":"1%202-412x311.png","geQDDriAY4SQqill6nxonw==":"2%202-546x311.png","qGYaUBlCFUQWqR5K0l0oyw==":"imagem%20do%20whatsapp%20de%202022-11-10%20%C3%A0(s)%2010.54%201-546x311.png","ihOs0DBA2bN2yFwqZHmIMg==":"daf87270-8747-4062-913c-d7e8543a138e%201-452x395.png","UOEGIJQVJikbSwrsSM7dYQ==":"3bac7c74-2ef1-4165-829b-464948d7e9b9%201-611x395.png","EPZXvzDUtZSSaY7MImHNLw==":"b6421993-76fb-435b-9702-f7af993d9860%201-449x395.png","9WZLamCOZQblmS+vBfWvgg==":"imagem%20do%20whatsapp%20de%202022-09-01%20%C3%A0(s)%2017.33-560x420.png","mXXNHR4AoKiHNdbYEWfbgA==":"imagem%20do%20whatsapp%20de%202022-09-01%20%C3%A0(s)%2017.33%20(1)-555x420.png","a0dICoQEDuYGH+k5KIh5DA==":"quem-somos%201-681x281.png","mHORW0ykdG8H6CquiAAlBA==":"background4.jpg","T/Gc0xjtOTLdmOZVOUJtxA==":"garantia%201-699x699.png"}