{"4YA9IqKhKEAtgUbqLHTGIQ==":"mbr-3.jpg","GzIQatjyCAfcMmw3qwvmMg==":"mbr-4.jpg","hE5TvlyVY6cX3o0Wxsnp/A==":"mbr-5.jpg","1PZvAdu0mdOW1M6qPo6x3w==":"mbr-6.jpg","EoL+vB482itxMf7fBy1SRw==":"mbr.jpg","xbMM/b5aYmKTHLRXaY+fdw==":"logo-150x150.png","rCgOyT83AhHmin2FoXdZCA==":"mbr-1.jpg","V5MhlN9FjYa7ZgCYeH+yOA==":"mbr-2.jpg","3DNwc23mJMUlEncQI4m3sw==":"mbr-5.jpg","YEF+hiDRcMnVG7Vaw4vcDQ==":"mbr-7.jpg","Cw9RTYLOW6BrYUWecG3vAg==":"mbr-8.jpg","UC83eKIoME1EFGEY5Swtvw==":"mbr-8.jpeg","ggS15OxHI/AuTF1h9F1o5w==":"marca-3.png","IuDtek0FabKw4mCBFdG+ag==":"image-removebg-preview-22-pcktfb0irst15ytkcldxj5qvhmkb2ybjtzkxktezi8.png","fQqAkEgMG1e0oNrwoBrMKg==":"image-removebg-preview-21-pckszsocwqofkbm2uc2p5zxk1ltlfgmwqqvwsuuta8.png","64dTpA851zGUOATbLyDWNg==":"image-removebg-preview-21-pckszsocwqofkbm2uc2p5zxk1ltlfgmwqqvwsuuta8-1.png","6If4GlCZaaauG9OSAvd0Ow==":"image-removebg-preview-21-pckszsocwqofkbm2uc2p5zxk1ltlfgmwqqvwsuuta8-2.png","g+aimedrfgC8e0R6O7xkEw==":"image-removebg-preview-21-pckszsocwqofkbm2uc2p5zxk1ltlfgmwqqvwsuuta8-3.png","Mk1G6WNCAmyrDlwRLpMlqQ==":"image-removebg-preview-21-pckszsocwqofkbm2uc2p5zxk1ltlfgmwqqvwsuuta8-4.png","xbGCUrBrDlq52+cmvPCZhw==":"logo-1-150x150.png","erX2viz/CJbQFV7JijR96A==":"logo-2-150x150.png","mt5UNzpd5QjAkNQgpK3k/w==":"logo-3-150x150.png","74NiXC6tldM0XuW+1F5oDA==":"logo-pbutpuzgc9a361pftkr8wdxvp15viafbeykbph5i8m-175x175.jpg","jzruoGMXoiTfybHhQCZ5dA==":"logo-pbutpuzgc9a361pftkr8wdxvp15viafbeykbph5i8m-175x175.jpeg","UXjA+b83uaMiF0TtA6fHUw==":"5-150x150.png","NkqNMWEC+1GYwYZPrmljIw==":"6-150x150.png","rX9BoIHf0EjYfOu73O0UcQ==":"9-150x150.png","TI5NbJv3nTfVDgA6h7Qf4w==":"8-150x150.png","cme9+NQhRWzHdQzRyYw5jA==":"marca-3-199x162.png","grSNVMjz+myN32ZNchnL4g==":"image-removebg-preview-22-pcktfb0irst15ytkcldxj5qvhmkb2ybjtzkxktezi8-200x160.png","MCXeIkyfGFL/aHoo8c4WqQ==":"image-removebg-preview-21-pckszsocwqofkbm2uc2p5zxk1ltlfgmwqqvwsuuta8-110x160.png","cEGPMbURQeT2kCfMbbOFxw==":"image-removebg-preview-21-pckszsocwqofkbm2uc2p5zxk1ltlfgmwqqvwsuuta8-1-110x160.png"}